sample,phenotype,rs5_geno,rs15_geno,rs25_geno,rs35_geno,marker_score,selected
Calf1,"[0 2 1 1 0 0 0 1 1 1 0 2 1 0 0 0 0 1 0 0 1 0 0 0 0 1 0 1 1 0 1 0 0 2 2 1 0
 0 1 0 0 1 0 1 0 1 0 1 1 0]",0,0,1,1,1,False
Calf2,"[2 1 2 1 1 2 0 0 0 0 0 0 1 0 0 1 0 1 0 2 1 0 0 1 1 1 1 0 0 0 1 1 0 0 0 0 1
 1 1 0 0 1 1 1 1 1 1 0 0 0]",2,1,1,0,1,False
Calf3,"[0 1 0 1 1 0 0 1 0 0 0 0 2 1 1 1 1 0 1 1 1 1 0 0 0 0 1 1 0 1 0 0 0 0 2 0 1
 1 0 2 2 0 1 0 0 0 1 1 0 0]",0,1,0,0,2,False
Calf4,"[1 0 0 0 2 0 1 1 0 1 0 1 1 1 0 1 0 0 0 1 1 0 1 0 1 0 1 0 2 0 0 0 2 1 0 1 1
 1 1 0 0 1 1 1 0 0 1 1 1 1]",0,1,0,1,3,False
Calf5,"[1 0 0 1 1 0 0 1 0 0 1 1 1 0 1 0 0 1 1 1 1 1 0 0 0 0 2 0 1 1 1 1 1 1 0 1 0
 0 1 0 2 2 2 0 0 2 0 2 2 1]",0,0,0,1,2,False
Calf6,"[0 0 1 0 0 1 2 1 1 0 1 2 0 1 1 1 1 1 0 0 1 1 1 2 1 1 1 1 1 1 1 0 0 0 1 0 0
 1 0 1 0 0 1 0 0 1 1 0 1 0]",1,1,1,0,2,False
Calf7,"[0 1 1 1 1 2 1 0 1 0 0 0 0 2 1 1 0 0 0 0 1 1 1 0 2 1 1 1 0 0 0 1 0 0 0 0 1
 1 0 0 1 0 0 0 0 1 1 0 0 1]",2,1,1,0,1,False
Calf8,"[1 1 1 0 0 1 0 1 2 1 0 1 0 1 2 0 2 1 0 0 0 0 0 1 0 0 1 0 1 0 0 1 1 1 1 1 0
 0 1 1 2 0 0 1 0 2 1 0 1 1]",1,0,0,1,3,False
Calf9,"[0 1 1 1 0 1 0 0 1 0 0 2 2 1 1 0 0 0 1 1 1 1 0 1 0 1 0 1 0 0 0 1 1 0 0 1 0
 1 1 0 0 2 0 0 1 2 2 1 0 0]",1,0,1,1,2,False
Calf10,"[1 1 0 1 0 1 0 0 0 0 0 1 1 1 2 0 0 1 0 2 0 2 0 1 1 2 0 1 2 1 1 1 0 1 1 1 0
 0 2 1 0 1 0 0 0 0 1 0 2 2]",1,0,2,1,2,False
Calf11,"[1 1 0 1 1 0 2 1 2 1 1 0 2 1 0 0 0 1 2 0 1 0 2 1 1 0 0 0 0 1 1 2 2 1 1 2 1
 0 0 0 2 1 0 1 1 0 0 1 1 1]",0,0,0,2,1,False
Calf12,"[1 1 1 1 1 0 0 0 1 1 1 0 0 0 0 1 0 0 1 0 1 1 0 1 1 2 0 2 1 0 0 2 1 0 1 0 0
 0 0 0 0 1 0 0 1 0 1 0 0 0]",0,1,2,0,1,False
Calf13,"[0 0 0 0 0 0 0 0 1 1 0 1 1 0 1 2 0 0 1 1 0 0 0 0 1 0 0 1 0 0 1 1 1 1 0 0 1
 0 0 0 0 0 0 0 0 1 1 1 1 1]",0,2,0,0,1,False
Calf14,"[0 1 1 1 0 0 0 0 1 1 0 2 1 0 0 0 0 0 0 0 0 1 0 1 0 2 0 0 2 1 1 0 0 1 2 1 1
 0 1 0 0 0 1 0 0 1 0 1 0 0]",0,0,2,1,1,False
Calf15,"[1 0 0 0 0 2 0 1 0 1 1 1 0 0 0 2 1 2 0 1 2 0 0 1 1 1 0 1 0 0 0 1 1 1 0 1 0
 1 0 0 0 0 1 1 0 1 0 1 1 1]",2,2,1,1,1,False
Calf16,"[0 2 1 0 0 1 1 1 1 1 0 0 0 1 0 1 1 1 0 1 0 1 0 0 1 0 0 1 1 1 1 1 0 0 0 1 1
 0 0 2 0 1 1 1 0 1 2 1 1 2]",1,1,0,1,4,True
Calf17,"[1 0 1 1 0 1 2 2 0 0 2 1 0 2 1 1 1 0 0 0 1 0 0 0 1 2 0 0 1 0 0 0 0 0 1 0 2
 0 1 1 0 1 0 2 0 0 0 2 1 1]",1,1,2,0,2,False
Calf18,"[0 1 0 1 0 0 0 0 1 0 1 0 1 0 0 1 0 0 1 2 0 0 1 0 0 0 1 1 0 0 0 1 0 0 1 0 1
 0 0 0 1 1 1 0 1 0 0 1 0 0]",0,1,0,0,2,False
Calf19,"[0 0 0 1 0 1 1 0 0 0 1 0 1 0 1 0 0 2 1 0 1 0 1 1 0 0 0 1 1 0 0 1 2 1 0 0 0
 2 0 1 0 1 1 1 0 0 0 1 1 1]",1,0,0,0,2,False
Calf20,"[1 1 0 2 0 0 1 0 0 1 0 1 0 0 0 0 1 0 1 0 1 2 1 0 0 0 1 0 1 1 0 1 0 0 1 1 1
 0 0 1 1 1 0 1 0 0 2 0 2 0]",0,0,0,1,2,False
Calf21,"[0 1 1 1 1 1 1 1 0 0 0 2 2 0 1 2 0 1 2 0 1 0 2 2 2 0 1 1 0 1 0 1 0 0 0 1 0
 1 0 0 1 1 0 1 1 1 0 0 1 0]",1,2,0,1,3,False
Calf22,"[1 1 2 1 2 0 1 0 0 1 1 2 1 0 0 1 0 0 0 0 0 0 0 0 2 0 0 1 0 2 1 0 0 1 2 0 1
 0 2 0 2 1 1 1 0 0 0 0 1 0]",0,1,0,0,2,False
Calf23,"[0 2 1 2 2 0 0 1 1 0 1 0 0 1 1 1 0 1 0 0 1 2 1 1 1 1 0 0 0 0 1 1 0 0 1 0 1
 1 0 1 1 0 1 1 0 1 1 1 1 1]",0,1,1,0,1,False
Calf24,"[1 1 1 1 1 1 0 1 1 0 1 0 0 1 0 1 1 1 0 0 1 2 1 0 1 1 1 0 1 1 2 0 1 2 0 2 1
 0 0 1 0 1 0 1 0 1 2 2 1 0]",1,1,1,2,2,False
Calf25,"[1 0 0 0 0 1 1 0 0 2 0 0 0 1 1 0 0 1 1 0 2 0 0 2 0 1 0 0 2 0 1 0 0 0 1 0 1
 0 2 0 1 1 1 1 1 1 0 0 2 1]",1,0,1,0,1,False
Calf26,"[1 0 0 0 1 0 0 1 0 1 0 1 0 0 0 0 0 0 1 0 1 1 1 0 0 0 0 2 0 1 1 1 1 0 0 1 0
 0 0 0 0 0 1 1 1 0 0 0 1 1]",0,0,0,1,2,False
Calf27,"[0 2 0 1 1 1 1 1 0 1 0 1 1 1 0 1 1 1 0 0 0 0 1 0 2 0 0 1 1 1 1 1 0 2 2 1 0
 1 0 0 0 0 1 1 1 0 0 0 2 0]",1,1,0,1,4,True
Calf28,"[1 1 0 1 0 1 1 0 0 1 2 0 1 1 1 0 1 1 0 0 2 0 1 1 0 1 0 1 0 1 0 0 2 0 1 0 1
 0 2 0 0 0 0 1 0 1 0 0 1 1]",1,0,1,0,1,False
Calf29,"[0 0 0 1 1 0 1 1 1 1 0 0 0 0 1 2 0 0 0 2 0 1 0 0 2 2 0 2 1 1 0 1 0 1 0 0 0
 1 0 1 2 0 1 0 1 0 1 1 2 1]",0,2,2,0,0,False
Calf30,"[1 1 1 1 0 2 1 1 0 1 0 1 0 1 2 0 2 0 1 1 1 1 1 0 0 1 1 1 1 0 1 0 1 0 0 0 0
 1 0 0 0 0 0 0 1 1 1 0 0 1]",2,0,1,0,0,False
Calf31,"[1 0 0 0 0 0 1 1 1 1 1 1 2 0 0 0 1 1 0 2 0 2 0 0 0 0 0 0 1 1 0 1 1 0 0 0 0
 1 0 1 1 0 1 0 2 0 1 1 0 1]",0,0,0,0,1,False
Calf32,"[2 1 1 1 0 0 1 0 1 1 0 0 1 0 1 0 1 0 1 0 1 0 1 1 0 0 0 1 1 1 0 0 1 1 2 0 1
 0 0 1 1 2 0 0 1 1 0 0 0 1]",0,0,0,0,1,False
Calf33,"[0 0 0 0 0 1 0 1 0 1 1 1 1 0 0 1 2 1 1 1 0 0 1 2 0 1 0 1 0 0 1 0 1 1 2 0 0
 0 2 2 1 1 1 1 0 1 0 1 1 1]",1,1,1,0,2,False
Calf34,"[0 0 0 0 0 2 1 0 0 0 1 1 2 1 2 1 0 2 0 1 0 1 1 1 1 0 0 0 0 1 0 2 1 1 0 1 2
 0 1 1 0 1 0 0 0 0 0 0 2 1]",2,1,0,1,3,False
Calf35,"[2 0 0 1 0 0 1 0 1 1 0 0 1 0 0 2 0 1 2 0 0 0 0 0 1 0 1 2 1 1 0 1 1 0 0 1 0
 0 0 0 1 1 1 0 0 0 0 0 1 0]",0,2,0,1,2,False
Calf36,"[1 0 0 0 2 1 2 0 0 1 0 1 0 0 0 0 1 0 0 0 0 1 1 2 1 0 1 0 0 1 0 1 0 1 1 1 1
 1 0 1 0 1 1 1 0 0 1 0 0 0]",1,0,0,1,3,False
Calf37,"[2 1 0 0 0 1 1 0 0 0 1 1 0 0 0 2 0 1 1 0 0 0 1 1 1 1 0 2 1 0 2 1 1 1 1 1 0
 0 2 0 0 0 0 1 2 0 0 0 1 1]",1,2,1,1,2,False
Calf38,"[0 1 1 1 2 0 1 0 1 1 1 1 0 1 2 2 0 0 0 1 1 0 1 1 1 1 1 1 0 1 1 1 1 1 0 0 0
 0 1 2 0 0 1 0 1 1 1 0 0 1]",0,2,1,0,0,False
Calf39,"[1 0 1 0 1 0 2 0 0 0 0 1 2 0 0 1 1 1 0 0 1 0 1 0 1 0 1 0 1 0 1 1 1 1 1 1 0
 1 1 0 0 0 1 1 1 1 0 0 0 0]",0,1,0,1,3,False
Calf40,"[0 0 1 1 2 2 1 0 1 1 0 0 1 0 1 1 0 0 0 0 0 1 0 1 0 2 0 0 1 1 0 1 0 0 0 0 1
 1 0 1 1 0 1 0 1 1 2 0 0 0]",2,1,2,0,1,False
Calf41,"[0 0 1 0 0 1 0 1 0 0 0 0 1 0 1 0 0 1 0 1 2 1 2 0 0 0 1 2 0 1 0 1 0 2 1 0 0
 0 0 0 1 1 1 0 1 1 0 1 1 0]",1,0,0,0,2,False
Calf42,"[0 0 0 2 1 1 0 0 1 1 0 1 1 0 0 1 0 0 0 0 1 1 0 1 1 1 0 0 2 1 0 0 0 1 1 1 0
 1 1 0 1 2 0 1 0 1 1 1 1 0]",1,1,1,1,3,False
Calf43,"[2 1 0 1 1 0 1 1 0 2 0 0 0 1 1 0 0 1 0 1 1 1 2 0 2 1 1 0 1 0 0 0 1 1 1 1 0
 1 0 1 1 1 1 0 0 1 0 0 1 1]",0,0,1,1,1,False
Calf44,"[0 0 1 1 0 0 0 0 0 1 1 1 0 1 0 2 1 0 1 0 1 0 0 1 0 1 0 1 1 1 0 0 0 0 1 2 1
 1 1 1 0 1 1 1 0 0 0 1 1 0]",0,2,1,2,0,False
Calf45,"[2 0 0 0 1 2 0 1 0 2 1 1 0 2 1 0 1 0 1 0 1 1 0 0 0 0 0 1 0 0 1 0 1 1 1 1 1
 0 0 0 1 0 1 2 1 1 0 1 1 0]",2,0,0,1,2,False
Calf46,"[0 1 1 1 1 1 1 0 0 0 1 1 1 0 1 1 1 1 0 1 0 0 0 1 2 1 1 1 1 0 0 0 0 0 0 0 2
 0 0 0 1 0 0 1 0 0 0 0 0 0]",1,1,1,0,2,False
Calf47,"[1 1 1 0 2 0 0 1 0 0 1 1 1 1 2 0 0 0 0 0 1 1 1 0 1 2 1 0 1 0 0 0 1 1 0 0 0
 0 0 0 1 0 0 0 2 1 1 0 1 0]",0,0,2,0,0,False
Calf48,"[1 2 1 1 1 0 1 0 1 0 0 0 0 0 1 0 0 1 0 1 1 1 1 0 1 0 0 1 0 1 1 1 2 0 0 1 0
 1 1 1 0 0 0 0 1 0 0 0 1 1]",0,0,0,1,2,False
Calf49,"[0 0 0 0 1 1 0 0 2 0 1 0 0 0 1 2 0 0 0 0 0 0 1 0 0 1 0 2 0 1 1 1 2 0 2 0 0
 0 1 0 1 1 1 1 0 0 0 0 0 0]",1,2,1,0,1,False
Calf50,"[0 2 1 0 1 0 0 1 0 0 2 1 1 1 1 0 0 0 0 1 0 2 1 1 1 1 0 1 0 1 0 1 2 0 0 2 0
 1 1 0 0 0 1 0 1 1 1 1 2 0]",0,0,1,2,0,False
Calf51,"[1 1 1 2 0 0 1 0 1 1 0 1 0 1 1 2 0 0 1 1 1 0 0 0 1 0 0 2 0 2 1 1 0 0 1 1 1
 0 1 1 1 1 1 1 0 0 0 0 0 0]",0,2,0,1,2,False
Calf52,"[0 0 1 2 0 2 1 0 0 1 1 1 0 0 0 0 0 0 1 2 0 1 0 0 0 1 2 1 0 1 0 1 1 0 1 1 0
 1 0 1 1 1 1 1 0 1 0 1 0 0]",2,0,1,1,1,False
Calf53,"[1 0 1 0 0 1 0 0 1 0 1 0 0 1 0 0 0 0 1 0 1 1 0 1 0 2 0 1 1 0 1 1 0 0 1 1 2
 1 2 1 0 0 1 1 0 0 2 1 0 0]",1,0,2,1,2,False
Calf54,"[0 0 0 0 1 0 1 1 0 1 0 1 0 1 1 0 0 1 1 0 1 0 1 0 1 0 0 0 0 1 0 1 0 0 0 0 0
 0 1 0 1 1 0 0 2 1 1 0 1 1]",0,0,0,0,1,False
Calf55,"[1 2 0 0 1 1 0 0 0 0 1 1 0 0 0 0 1 2 1 0 1 1 1 0 0 0 0 0 0 0 1 0 0 2 2 1 2
 1 2 0 0 0 0 0 1 1 1 0 1 1]",1,0,0,1,3,False
Calf56,"[0 1 0 0 2 0 0 1 1 0 0 0 1 0 0 2 1 0 1 1 0 0 1 0 1 0 0 0 0 0 0 1 2 1 1 0 2
 0 2 2 1 2 1 0 0 1 0 1 2 0]",0,2,0,0,1,False
Calf57,"[1 1 2 2 1 2 1 0 0 1 0 1 1 0 1 1 1 0 0 0 2 0 1 0 0 1 1 0 0 0 0 1 0 0 0 2 2
 0 1 0 0 1 2 2 1 0 1 0 1 0]",2,1,1,2,1,False
Calf58,"[1 0 0 2 0 1 0 0 0 0 1 0 2 1 0 1 1 1 0 0 1 2 1 0 1 0 1 0 1 0 0 1 0 0 0 2 1
 0 1 1 0 1 1 1 0 1 1 0 0 0]",1,1,0,2,3,False
Calf59,"[0 1 0 0 1 0 2 0 0 0 0 0 1 2 0 1 1 1 0 0 0 1 1 0 0 1 1 2 1 0 1 1 0 1 1 0 1
 1 2 0 0 1 0 1 1 0 1 1 0 2]",0,1,1,0,1,False
Calf60,"[1 1 1 0 2 1 1 1 0 1 0 0 0 2 1 1 1 1 2 1 0 0 1 1 0 0 1 0 1 2 0 0 1 1 1 2 0
 1 1 1 0 1 1 0 0 1 0 0 0 1]",1,1,0,2,3,False
Calf61,"[1 1 0 1 1 1 1 0 1 0 1 0 0 0 1 0 1 0 0 1 0 0 1 0 0 0 2 1 1 1 0 0 1 0 0 0 0
 2 0 1 0 2 0 0 1 1 0 0 0 0]",1,0,0,0,2,False
Calf62,"[0 0 0 0 1 2 1 0 0 2 0 0 1 1 1 0 0 2 0 1 1 1 0 0 1 1 2 0 0 2 1 1 0 1 1 1 0
 0 1 0 0 2 0 1 0 1 2 0 0 0]",2,0,1,1,1,False
Calf63,"[0 1 2 0 0 0 1 0 1 1 1 0 1 0 0 1 1 0 0 0 0 0 0 0 1 1 1 0 2 1 1 1 2 1 0 1 1
 1 1 0 0 2 1 1 0 0 1 1 1 0]",0,1,1,1,2,False
Calf64,"[1 0 1 0 0 1 2 0 1 0 0 0 0 1 0 1 2 0 1 0 1 0 0 0 0 0 1 1 1 1 0 0 0 0 1 1 0
 0 1 1 0 2 2 0 0 1 2 1 0 0]",1,1,0,1,4,True
Calf65,"[1 1 0 1 1 1 1 1 0 1 0 1 0 1 0 0 0 0 1 1 1 0 0 0 0 1 0 0 0 0 1 1 0 0 0 0 0
 2 1 1 0 0 1 1 1 0 1 0 1 1]",1,0,1,0,1,False
Calf66,"[1 0 1 0 0 0 1 0 0 1 0 1 0 0 1 0 0 1 1 1 0 0 1 1 1 1 1 0 0 1 0 0 1 1 0 0 0
 1 1 0 0 1 0 1 2 0 1 0 0 1]",0,0,1,0,0,False
Calf67,"[0 2 1 0 0 0 0 0 0 0 1 1 1 0 0 1 0 0 1 1 1 0 1 1 1 1 1 1 0 1 1 1 0 0 1 1 1
 1 1 1 1 1 1 0 0 1 0 0 0 0]",0,1,1,1,2,False
Calf68,"[0 0 1 1 0 0 1 0 1 1 1 0 1 0 2 1 0 0 0 1 0 1 0 1 1 1 1 0 0 1 0 0 0 0 0 1 0
 1 0 1 0 1 1 0 1 2 1 1 0 1]",0,1,1,1,2,False
Calf69,"[0 0 2 0 1 1 1 2 0 0 0 0 0 0 1 1 0 1 0 0 1 1 1 0 1 1 1 1 1 1 1 2 1 0 1 0 0
 1 2 2 0 1 0 2 2 1 1 1 1 0]",1,1,1,0,2,False
Calf70,"[0 1 1 0 2 0 1 1 1 1 0 0 1 1 0 1 0 1 1 0 0 1 1 1 1 1 2 1 0 0 0 1 0 2 1 1 0
 0 0 0 0 1 1 1 1 0 1 1 0 1]",0,1,1,1,2,False
Calf71,"[0 1 2 0 1 1 2 0 1 0 0 0 2 1 1 2 0 0 0 0 0 0 0 0 0 0 2 1 2 0 0 1 0 0 0 0 0
 0 1 0 0 1 0 0 1 0 0 0 0 1]",1,2,0,0,2,False
Calf72,"[1 0 1 1 0 1 0 0 0 0 0 1 0 0 0 1 1 1 1 1 0 1 1 2 1 0 0 0 1 1 0 1 0 1 0 0 0
 1 0 0 2 0 1 1 0 1 0 1 0 1]",1,1,0,0,3,False
Calf73,"[0 1 0 0 0 0 1 0 2 2 1 0 0 1 0 0 1 1 1 0 1 0 0 1 0 0 0 1 1 1 1 0 0 0 0 0 2
 0 0 0 0 1 0 0 1 0 0 0 1 2]",0,0,0,0,1,False
Calf74,"[1 0 1 0 0 0 0 1 1 2 1 1 0 0 1 0 1 0 0 0 0 0 1 0 1 0 0 0 1 0 1 0 1 0 1 1 2
 0 0 0 1 1 1 0 0 0 2 1 2 0]",0,0,0,1,2,False
Calf75,"[1 1 0 1 2 1 1 0 0 2 0 1 1 1 2 0 0 0 0 0 0 1 2 0 0 2 0 0 0 1 0 2 0 1 0 0 1
 1 1 1 1 1 1 0 0 0 1 0 0 1]",1,0,2,0,1,False
Calf76,"[1 1 0 1 0 0 0 0 0 1 0 1 1 0 1 0 1 0 0 0 1 1 0 1 1 2 1 1 1 1 0 0 0 1 1 0 1
 0 0 2 0 0 1 1 0 1 1 0 0 1]",0,0,2,0,0,False
Calf77,"[0 2 1 2 0 2 0 0 0 0 1 0 0 1 0 1 0 1 1 0 0 0 1 0 0 0 0 0 1 0 0 1 1 0 0 0 2
 0 2 1 1 0 0 0 0 1 2 1 1 0]",2,1,0,0,2,False
Calf78,"[0 0 1 2 1 0 0 1 0 1 1 1 0 0 0 0 0 1 1 0 0 0 0 1 0 0 0 1 1 0 1 1 2 0 1 2 2
 1 1 0 1 1 1 0 1 1 0 1 1 1]",0,0,0,2,1,False
Calf79,"[0 0 2 0 1 0 1 0 1 0 0 0 0 2 2 0 1 0 1 1 2 0 1 0 2 0 1 1 1 0 2 0 1 0 0 1 0
 0 0 0 1 1 0 0 0 0 1 1 0 0]",0,0,0,1,2,False
Calf80,"[0 1 2 0 0 1 2 0 0 0 1 0 0 1 0 1 0 0 1 0 2 1 0 1 0 1 0 1 0 0 1 1 0 0 1 2 0
 0 0 1 0 0 1 0 1 0 0 0 1 0]",1,1,1,2,2,False
Calf81,"[1 1 1 0 0 0 0 0 1 0 0 0 1 0 1 0 1 1 0 0 0 0 1 1 1 1 0 0 1 0 1 0 0 2 0 2 2
 1 1 1 1 0 0 1 0 0 0 1 1 0]",0,0,1,2,0,False
Calf82,"[2 1 1 1 1 0 1 0 1 2 0 0 1 0 1 0 0 2 1 1 0 1 1 1 1 1 0 0 1 0 1 0 1 1 0 0 0
 1 1 0 1 0 0 2 0 0 0 0 0 0]",0,0,1,0,0,False
Calf83,"[1 0 1 0 0 1 2 0 1 1 1 1 0 0 1 0 2 0 0 1 0 1 1 1 1 1 1 2 0 0 0 0 1 1 1 0 1
 0 1 1 0 0 0 1 2 1 0 0 1 1]",1,0,1,0,1,False
Calf84,"[0 0 1 0 0 0 1 1 2 1 1 0 1 0 1 0 0 0 0 0 0 2 0 1 1 2 1 1 0 0 0 1 1 0 0 1 0
 1 1 1 1 1 1 1 1 0 0 0 0 1]",0,0,2,1,1,False
Calf85,"[1 0 0 2 0 0 1 1 0 0 0 1 1 0 1 1 0 1 1 0 0 1 1 1 1 1 0 1 0 0 1 1 0 2 0 0 0
 1 1 0 1 0 1 0 0 2 0 0 1 2]",0,1,1,0,1,False
Calf86,"[0 0 0 1 0 1 2 0 0 0 0 1 0 0 1 0 1 0 1 2 1 2 0 0 1 1 0 0 0 0 0 1 0 0 1 1 1
 1 0 1 1 0 1 1 0 0 0 0 0 1]",1,0,1,1,2,False
Calf87,"[0 2 1 1 1 0 0 1 1 1 0 2 0 1 2 0 1 0 0 1 1 2 1 0 1 2 0 2 0 1 0 0 0 1 0 0 1
 1 0 0 0 0 1 1 1 0 1 1 1 1]",0,0,2,0,0,False
Calf88,"[1 1 0 2 1 1 0 1 1 0 0 1 1 1 0 1 0 0 0 0 0 0 0 0 1 0 0 1 0 1 0 0 1 1 1 1 2
 0 0 0 0 1 1 0 2 1 0 0 0 0]",1,1,0,1,4,True
Calf89,"[0 1 0 0 2 1 2 0 0 1 0 0 1 1 0 0 0 0 0 0 0 2 1 1 0 0 0 0 0 1 1 1 0 2 0 0 0
 1 2 0 1 1 0 0 0 2 0 1 0 1]",1,0,0,0,2,False
Calf90,"[0 1 1 1 1 0 1 0 0 1 0 1 2 0 1 0 0 0 2 1 1 2 0 0 1 0 0 0 1 1 0 0 1 1 0 1 0
 0 1 1 0 1 1 1 1 1 0 0 0 0]",0,0,0,1,2,False
Calf91,"[1 1 0 0 1 0 1 0 1 2 0 0 0 1 1 0 1 1 0 0 1 1 1 1 1 0 1 2 1 0 0 0 0 0 1 1 0
 1 0 0 0 1 0 0 0 1 0 1 1 1]",0,0,0,1,2,False
Calf92,"[2 0 0 1 0 1 1 1 2 2 1 0 1 0 0 1 0 0 0 1 1 1 0 1 1 0 0 0 2 1 2 0 1 1 1 2 0
 0 1 1 1 0 1 0 0 1 1 0 0 0]",1,1,0,2,3,False
Calf93,"[0 1 1 0 1 1 1 0 2 0 0 0 0 0 0 0 1 1 0 1 1 1 0 1 2 1 0 1 1 1 0 0 1 1 0 2 0
 1 1 1 2 0 1 0 1 1 1 0 1 0]",1,0,1,2,1,False
Calf94,"[0 1 0 1 0 0 1 1 0 1 1 1 0 1 1 1 0 1 1 1 0 1 1 0 0 1 0 2 1 1 0 0 2 0 1 0 0
 0 1 2 0 0 0 1 0 1 1 1 0 2]",0,1,1,0,1,False
Calf95,"[0 0 1 1 0 0 1 0 1 1 0 0 0 1 1 0 1 2 0 2 0 0 0 0 0 0 2 1 1 0 0 0 1 2 0 0 1
 0 0 1 1 0 0 2 0 0 0 0 0 1]",0,0,0,0,1,False
Calf96,"[0 0 1 1 1 1 0 1 0 2 0 2 1 0 1 2 1 0 1 0 0 0 0 1 0 1 0 0 0 0 0 0 1 0 0 0 1
 1 1 0 0 2 0 0 0 0 0 1 0 1]",1,2,1,0,1,False
Calf97,"[0 0 1 0 1 1 0 2 0 1 0 1 0 1 1 2 1 1 1 0 0 0 0 0 1 0 1 0 0 1 1 1 1 0 1 0 0
 0 0 0 2 2 0 0 0 0 2 0 1 0]",1,2,0,0,2,False
Calf98,"[2 0 1 0 1 0 0 2 2 1 1 1 0 0 0 1 0 0 1 1 0 0 0 0 0 1 1 1 0 1 0 0 1 0 0 1 0
 1 0 1 0 0 1 0 0 0 0 0 0 2]",0,1,1,1,2,False
Calf99,"[0 0 0 0 2 0 2 0 1 1 1 1 1 0 0 2 0 0 1 0 2 1 1 1 0 0 0 0 1 2 0 0 2 0 0 0 1
 1 1 1 0 0 1 0 1 2 1 1 1 1]",0,2,0,0,1,False
Calf100,"[0 0 0 1 0 1 0 1 0 1 1 0 0 1 0 0 2 1 2 0 0 1 1 1 0 0 0 0 0 0 2 0 1 1 1 0 1
 1 1 1 2 1 0 1 0 1 0 0 1 1]",1,0,0,0,2,False
