variant_id,chrom,pos,gene,effect,impact
var_00001,2,3373725,Gene045,missense_variant,MODERATE
var_00002,8,4731689,Gene004,intron_variant,LOW
var_00003,6,4492497,Gene006,intron_variant,LOW
var_00004,5,574938,Gene064,missense_variant,MODERATE
var_00005,6,1046216,Gene068,missense_variant,MODERATE
var_00006,7,396599,Gene020,intergenic_variant,LOW
var_00007,2,4728711,Gene002,missense_variant,MODERATE
var_00008,3,958567,Gene003,missense_variant,MODERATE
var_00009,8,3202565,Gene062,intergenic_variant,LOW
var_00010,1,1102893,Gene037,intron_variant,LOW
var_00011,2,1013087,Gene022,synonymous_variant,LOW
var_00012,7,813841,Gene057,intron_variant,LOW
var_00013,2,4775384,Gene042,intron_variant,LOW
var_00014,5,379981,Gene035,synonymous_variant,LOW
var_00015,8,4361677,Gene008,missense_variant,MODERATE
var_00016,10,1047728,Gene029,intergenic_variant,LOW
var_00017,9,120101,Gene061,intron_variant,LOW
var_00018,3,1116824,Gene053,intron_variant,LOW
var_00019,4,1769237,Gene038,intergenic_variant,LOW
var_00020,9,2397745,Gene013,intron_variant,LOW
var_00021,8,2942629,Gene051,stop_gained,HIGH
var_00022,10,3238677,Gene001,missense_variant,MODERATE
var_00023,8,2814435,Gene078,intron_variant,LOW
var_00024,9,1819343,Gene047,intron_variant,LOW
var_00025,5,1573502,Gene057,synonymous_variant,LOW
var_00026,10,840890,Gene042,intron_variant,LOW
var_00027,4,2020563,Gene028,missense_variant,MODERATE
var_00028,2,473361,Gene069,intergenic_variant,LOW
var_00029,6,2264768,Gene002,intergenic_variant,LOW
var_00030,2,1315383,Gene033,missense_variant,MODERATE
var_00031,1,3139588,Gene058,intron_variant,LOW
var_00032,3,854080,Gene063,synonymous_variant,LOW
var_00033,4,2916410,Gene020,missense_variant,MODERATE
var_00034,4,2405177,Gene002,intergenic_variant,LOW
var_00035,1,2253745,Gene078,synonymous_variant,LOW
var_00036,2,4355452,Gene003,missense_variant,MODERATE
var_00037,2,2070219,Gene064,intron_variant,LOW
var_00038,2,3582253,Gene048,missense_variant,MODERATE
var_00039,8,520125,Gene001,intergenic_variant,LOW
var_00040,1,1016172,Gene018,missense_variant,MODERATE
var_00041,4,2982181,Gene015,missense_variant,MODERATE
var_00042,10,179136,Gene006,missense_variant,MODERATE
var_00043,4,4808007,Gene047,synonymous_variant,LOW
var_00044,4,338085,Gene011,intron_variant,LOW
var_00045,8,3366487,Gene027,intergenic_variant,LOW
var_00046,7,2178952,Gene030,intron_variant,LOW
var_00047,3,3950129,Gene003,synonymous_variant,LOW
var_00048,5,1817973,Gene027,missense_variant,MODERATE
var_00049,5,4875976,Gene049,missense_variant,MODERATE
var_00050,8,3412183,Gene045,stop_gained,HIGH
var_00051,5,322948,Gene043,intron_variant,LOW
var_00052,9,419447,Gene071,intron_variant,LOW
var_00053,5,1461203,Gene016,missense_variant,MODERATE
var_00054,4,1272755,Gene029,missense_variant,MODERATE
var_00055,4,4363103,Gene054,intergenic_variant,LOW
var_00056,6,3428899,Gene015,intron_variant,LOW
var_00057,5,3994094,Gene025,synonymous_variant,LOW
var_00058,1,2840338,Gene046,synonymous_variant,LOW
var_00059,5,684756,Gene057,missense_variant,MODERATE
var_00060,3,2583485,Gene001,missense_variant,MODERATE
var_00061,5,3396330,Gene031,missense_variant,MODERATE
var_00062,3,4508319,Gene031,intergenic_variant,LOW
var_00063,9,1915199,Gene026,intron_variant,LOW
var_00064,4,566654,Gene026,missense_variant,MODERATE
var_00065,6,1391005,Gene067,intron_variant,LOW
var_00066,4,977389,Gene031,missense_variant,MODERATE
var_00067,6,1590429,Gene048,missense_variant,MODERATE
var_00068,6,2827853,Gene005,intron_variant,LOW
var_00069,4,3181123,Gene061,intergenic_variant,LOW
var_00070,4,2826558,Gene044,missense_variant,MODERATE
var_00071,7,89658,Gene030,intergenic_variant,LOW
var_00072,4,4900511,Gene050,missense_variant,MODERATE
var_00073,5,1406898,Gene061,missense_variant,MODERATE
var_00074,9,4887126,Gene060,missense_variant,MODERATE
var_00075,1,144662,Gene068,synonymous_variant,LOW
var_00076,1,2936352,Gene076,intron_variant,LOW
var_00077,5,3518622,Gene061,intron_variant,LOW
var_00078,1,3794331,Gene029,intergenic_variant,LOW
var_00079,6,4135811,Gene061,missense_variant,MODERATE
var_00080,1,3487077,Gene052,synonymous_variant,LOW
var_00081,3,1066993,Gene026,synonymous_variant,LOW
var_00082,9,664668,Gene035,stop_gained,HIGH
var_00083,6,3256070,Gene001,intergenic_variant,LOW
var_00084,7,3011460,Gene017,synonymous_variant,LOW
var_00085,3,2415955,Gene011,synonymous_variant,LOW
var_00086,8,1528822,Gene071,synonymous_variant,LOW
var_00087,2,587421,Gene073,intron_variant,LOW
var_00088,10,1794813,Gene059,missense_variant,MODERATE
var_00089,1,1674879,Gene022,missense_variant,MODERATE
var_00090,3,781421,Gene075,synonymous_variant,LOW
var_00091,10,174579,Gene019,missense_variant,MODERATE
var_00092,10,41669,Gene065,intergenic_variant,LOW
var_00093,3,3150228,Gene061,intron_variant,LOW
var_00094,3,4268232,Gene073,intron_variant,LOW
var_00095,10,3238243,Gene059,intron_variant,LOW
var_00096,6,3585285,Gene011,intron_variant,LOW
var_00097,7,1485925,Gene001,intergenic_variant,LOW
var_00098,7,3760999,Gene002,intergenic_variant,LOW
var_00099,6,3799617,Gene077,missense_variant,MODERATE
var_00100,8,1440139,Gene016,intron_variant,LOW
var_00101,2,8967,Gene067,missense_variant,MODERATE
var_00102,3,2086963,Gene033,synonymous_variant,LOW
var_00103,2,4436076,Gene068,intergenic_variant,LOW
var_00104,5,880513,Gene055,intergenic_variant,LOW
var_00105,1,1279552,Gene006,intergenic_variant,LOW
var_00106,1,3010880,Gene035,missense_variant,MODERATE
var_00107,3,1305812,Gene053,synonymous_variant,LOW
var_00108,3,4196007,Gene041,missense_variant,MODERATE
var_00109,9,2151207,Gene012,stop_gained,HIGH
var_00110,10,3894122,Gene061,missense_variant,MODERATE
var_00111,4,965077,Gene055,missense_variant,MODERATE
var_00112,10,4668995,Gene006,synonymous_variant,LOW
var_00113,9,1721268,Gene016,missense_variant,MODERATE
var_00114,6,1302334,Gene054,intergenic_variant,LOW
var_00115,6,2137389,Gene010,intron_variant,LOW
var_00116,8,3506658,Gene004,missense_variant,MODERATE
var_00117,2,1543546,Gene029,intron_variant,LOW
var_00118,10,633581,Gene020,missense_variant,MODERATE
var_00119,2,3988197,Gene029,intron_variant,LOW
var_00120,4,2681506,Gene058,missense_variant,MODERATE
var_00121,9,4658251,Gene019,missense_variant,MODERATE
var_00122,10,551249,Gene054,missense_variant,MODERATE
var_00123,2,3822712,Gene047,intron_variant,LOW
var_00124,5,2701747,Gene033,intron_variant,LOW
var_00125,10,3798538,Gene009,synonymous_variant,LOW
var_00126,2,2710620,Gene024,intron_variant,LOW
var_00127,5,408682,Gene030,synonymous_variant,LOW
var_00128,6,1734747,Gene066,missense_variant,MODERATE
var_00129,1,2288913,Gene001,synonymous_variant,LOW
var_00130,6,1747472,Gene022,synonymous_variant,LOW
var_00131,5,1650795,Gene060,intergenic_variant,LOW
var_00132,7,3555579,Gene003,missense_variant,MODERATE
var_00133,9,511078,Gene046,missense_variant,MODERATE
var_00134,7,2405237,Gene020,intron_variant,LOW
var_00135,10,4808967,Gene037,stop_gained,HIGH
var_00136,1,2038188,Gene002,intergenic_variant,LOW
var_00137,9,208616,Gene020,intron_variant,LOW
var_00138,7,563571,Gene065,missense_variant,MODERATE
var_00139,10,4763823,Gene076,intergenic_variant,LOW
var_00140,10,1411450,Gene010,intron_variant,LOW
var_00141,6,1373674,Gene071,missense_variant,MODERATE
var_00142,7,4235331,Gene077,intron_variant,LOW
var_00143,6,1247085,Gene052,missense_variant,MODERATE
var_00144,10,4859929,Gene017,intergenic_variant,LOW
var_00145,2,659470,Gene052,intron_variant,LOW
var_00146,6,1865887,Gene025,intergenic_variant,LOW
var_00147,9,2412274,Gene027,intergenic_variant,LOW
var_00148,9,4354038,Gene047,synonymous_variant,LOW
var_00149,4,2907429,Gene012,intergenic_variant,LOW
var_00150,2,4368488,Gene025,missense_variant,MODERATE
var_00151,4,4742583,Gene075,missense_variant,MODERATE
var_00152,9,1090498,Gene030,synonymous_variant,LOW
var_00153,3,3691962,Gene050,intron_variant,LOW
var_00154,5,1369056,Gene009,synonymous_variant,LOW
var_00155,2,4731596,Gene057,intron_variant,LOW
var_00156,9,3480200,Gene031,intron_variant,LOW
var_00157,5,2546444,Gene048,missense_variant,MODERATE
var_00158,4,1530049,Gene002,intron_variant,LOW
var_00159,1,3211181,Gene015,synonymous_variant,LOW
var_00160,7,4776481,Gene018,intron_variant,LOW
var_00161,5,649248,Gene011,synonymous_variant,LOW
var_00162,9,1825411,Gene072,intergenic_variant,LOW
var_00163,10,4175506,Gene040,synonymous_variant,LOW
var_00164,8,3651012,Gene023,intron_variant,LOW
var_00165,2,2857743,Gene020,intron_variant,LOW
var_00166,7,3536462,Gene022,intron_variant,LOW
var_00167,9,1901413,Gene020,synonymous_variant,LOW
var_00168,10,1068231,Gene054,stop_gained,HIGH
var_00169,4,1673229,Gene044,missense_variant,MODERATE
var_00170,1,4329902,Gene070,synonymous_variant,LOW
var_00171,3,1010703,Gene066,intron_variant,LOW
var_00172,2,1643614,Gene024,missense_variant,MODERATE
var_00173,7,359531,Gene026,missense_variant,MODERATE
var_00174,6,550372,Gene030,intergenic_variant,LOW
var_00175,5,2903172,Gene066,intergenic_variant,LOW
var_00176,10,250797,Gene057,intron_variant,LOW
var_00177,2,3959088,Gene036,intergenic_variant,LOW
var_00178,7,2259156,Gene063,intergenic_variant,LOW
var_00179,10,3096687,Gene050,synonymous_variant,LOW
var_00180,4,3164964,Gene049,intron_variant,LOW
var_00181,6,4992191,Gene058,synonymous_variant,LOW
var_00182,2,1356909,Gene015,intron_variant,LOW
var_00183,4,1346515,Gene052,synonymous_variant,LOW
var_00184,5,4209563,Gene015,missense_variant,MODERATE
var_00185,8,2851393,Gene008,intergenic_variant,LOW
var_00186,5,1337579,Gene060,intron_variant,LOW
var_00187,8,134031,Gene004,intron_variant,LOW
var_00188,5,4237463,Gene056,intron_variant,LOW
var_00189,2,948372,Gene017,intergenic_variant,LOW
var_00190,7,165392,Gene071,synonymous_variant,LOW
var_00191,2,4786956,Gene003,intron_variant,LOW
var_00192,3,1313312,Gene062,missense_variant,MODERATE
var_00193,9,182595,Gene073,intron_variant,LOW
var_00194,9,797403,Gene034,intergenic_variant,LOW
var_00195,9,1907572,Gene078,intron_variant,LOW
var_00196,3,2238499,Gene011,intergenic_variant,LOW
var_00197,7,2474489,Gene069,intron_variant,LOW
var_00198,2,1754184,Gene071,intergenic_variant,LOW
var_00199,8,3234759,Gene019,missense_variant,MODERATE
var_00200,4,1973787,Gene055,intergenic_variant,LOW
var_00201,2,1961275,Gene059,synonymous_variant,LOW
var_00202,10,4257713,Gene046,missense_variant,MODERATE
var_00203,5,2546371,Gene004,intron_variant,LOW
var_00204,2,2897801,Gene054,intron_variant,LOW
var_00205,7,1456787,Gene007,synonymous_variant,LOW
var_00206,3,3027235,Gene031,intergenic_variant,LOW
var_00207,7,3315985,Gene022,missense_variant,MODERATE
var_00208,10,1950106,Gene028,intron_variant,LOW
var_00209,4,2311783,Gene079,synonymous_variant,LOW
var_00210,4,4040129,Gene046,intron_variant,LOW
var_00211,2,1505943,Gene027,intron_variant,LOW
var_00212,9,2508913,Gene039,missense_variant,MODERATE
var_00213,4,387209,Gene057,intron_variant,LOW
var_00214,1,3730019,Gene057,intergenic_variant,LOW
var_00215,5,819916,Gene064,missense_variant,MODERATE
var_00216,9,4570970,Gene074,missense_variant,MODERATE
var_00217,2,1792054,Gene071,missense_variant,MODERATE
var_00218,3,3060053,Gene067,intron_variant,LOW
var_00219,10,3561270,Gene049,stop_gained,HIGH
var_00220,2,2175794,Gene031,missense_variant,MODERATE
var_00221,2,988865,Gene031,stop_gained,HIGH
var_00222,8,1318115,Gene030,intron_variant,LOW
var_00223,1,3297357,Gene036,missense_variant,MODERATE
var_00224,10,4560012,Gene074,synonymous_variant,LOW
var_00225,9,4395962,Gene053,missense_variant,MODERATE
var_00226,10,3824482,Gene032,intron_variant,LOW
var_00227,8,4125672,Gene063,intron_variant,LOW
var_00228,8,3997633,Gene064,synonymous_variant,LOW
var_00229,2,1760380,Gene012,synonymous_variant,LOW
var_00230,10,1106998,Gene008,intergenic_variant,LOW
var_00231,10,4424644,Gene035,intergenic_variant,LOW
var_00232,10,2183485,Gene036,synonymous_variant,LOW
var_00233,7,3209867,Gene004,synonymous_variant,LOW
var_00234,6,4417968,Gene041,intron_variant,LOW
var_00235,2,4098394,Gene048,stop_gained,HIGH
var_00236,2,1229955,Gene064,missense_variant,MODERATE
var_00237,7,4695403,Gene047,missense_variant,MODERATE
var_00238,9,4069582,Gene070,synonymous_variant,LOW
var_00239,8,70170,Gene036,intron_variant,LOW
var_00240,4,2693241,Gene013,missense_variant,MODERATE
var_00241,7,82972,Gene058,missense_variant,MODERATE
var_00242,4,1093791,Gene049,missense_variant,MODERATE
var_00243,1,3210752,Gene039,synonymous_variant,LOW
var_00244,6,1877295,Gene050,intron_variant,LOW
var_00245,10,3048394,Gene018,intron_variant,LOW
var_00246,1,381159,Gene012,missense_variant,MODERATE
var_00247,3,628905,Gene027,missense_variant,MODERATE
var_00248,1,3365376,Gene066,intron_variant,LOW
var_00249,4,1024437,Gene065,intergenic_variant,LOW
var_00250,3,3634624,Gene044,intergenic_variant,LOW
var_00251,2,1131395,Gene022,synonymous_variant,LOW
var_00252,6,144873,Gene076,intergenic_variant,LOW
var_00253,9,186407,Gene077,intergenic_variant,LOW
var_00254,8,1507073,Gene015,synonymous_variant,LOW
var_00255,9,215991,Gene055,intron_variant,LOW
var_00256,10,3843824,Gene042,synonymous_variant,LOW
var_00257,9,314410,Gene069,missense_variant,MODERATE
var_00258,9,1001812,Gene026,intron_variant,LOW
var_00259,1,3180966,Gene039,missense_variant,MODERATE
var_00260,10,2684933,Gene051,intron_variant,LOW
var_00261,1,2959433,Gene052,intergenic_variant,LOW
var_00262,7,4029395,Gene049,intergenic_variant,LOW
var_00263,10,3257882,Gene021,synonymous_variant,LOW
var_00264,8,2849845,Gene041,missense_variant,MODERATE
var_00265,8,1392027,Gene073,intergenic_variant,LOW
var_00266,6,611111,Gene026,intergenic_variant,LOW
var_00267,3,4855581,Gene019,stop_gained,HIGH
var_00268,1,4545841,Gene040,intron_variant,LOW
var_00269,7,3305661,Gene037,intron_variant,LOW
var_00270,1,3733571,Gene030,synonymous_variant,LOW
var_00271,6,2464518,Gene079,missense_variant,MODERATE
var_00272,8,2824690,Gene071,synonymous_variant,LOW
var_00273,2,3488135,Gene009,intron_variant,LOW
var_00274,3,1664211,Gene037,synonymous_variant,LOW
var_00275,10,2274956,Gene051,intron_variant,LOW
var_00276,8,2911551,Gene038,intron_variant,LOW
var_00277,8,4254289,Gene077,synonymous_variant,LOW
var_00278,5,1957688,Gene021,stop_gained,HIGH
var_00279,10,236221,Gene074,missense_variant,MODERATE
var_00280,1,593457,Gene021,intron_variant,LOW
var_00281,3,432041,Gene070,missense_variant,MODERATE
var_00282,6,610684,Gene076,intergenic_variant,LOW
var_00283,1,4141682,Gene021,intron_variant,LOW
var_00284,5,226556,Gene025,synonymous_variant,LOW
var_00285,6,3576778,Gene008,missense_variant,MODERATE
var_00286,1,851764,Gene069,intron_variant,LOW
var_00287,2,1145898,Gene014,synonymous_variant,LOW
var_00288,3,1227915,Gene047,missense_variant,MODERATE
var_00289,10,2572457,Gene027,missense_variant,MODERATE
var_00290,4,3176455,Gene078,synonymous_variant,LOW
var_00291,7,2958511,Gene052,intron_variant,LOW
var_00292,4,2900839,Gene013,intron_variant,LOW
var_00293,3,616075,Gene061,intergenic_variant,LOW
var_00294,8,2952695,Gene075,intergenic_variant,LOW
var_00295,9,452428,Gene045,intergenic_variant,LOW
var_00296,2,4110046,Gene062,intergenic_variant,LOW
var_00297,2,319251,Gene057,intron_variant,LOW
var_00298,5,475690,Gene045,intron_variant,LOW
var_00299,5,961320,Gene064,synonymous_variant,LOW
var_00300,7,1944511,Gene056,synonymous_variant,LOW
